"matricula","data_admissao","cargo","mes_referencia","remuneracao_bruta","remuneracao_eventual","beneficios","descontos_legais","remuneracao_liquida"
"173","25/03/1991","AGENTE DE APOIO","2/2018","19641,53","0,00","0,00","6046,34","13595,19"
"193","18/04/1991","AGENTE DE APOIO","2/2018","16473,65","0,00","0,00","4178,68","12294,97"
"210","16/09/1991","AGENTE DE APOIO","2/2018","23246,08","0,00","0,00","7325,05","15921,03"
"388","28/08/2014","AGENTE DE SEGURANÇA LEGISLATIVA I","2/2018","4108,14","0,00","0,00","645,54","3462,60"
"470","30/03/2015","AGENTE DE SEGURANÇA LEGISLATIVA I","2/2018","3550,46","0,00","0,00","390,55","3159,91"
"471","15/04/2015","AGENTE DE SEGURANÇA LEGISLATIVA I","2/2018","3550,46","0,00","0,00","509,74","3040,72"
"473","26/05/2015","AGENTE DE SEGURANÇA LEGISLATIVA I","2/2018","3550,46","0,00","0,00","442,09","3108,37"
"503","06/08/2015","AGENTE DE SEGURANÇA LEGISLATIVA I","2/2018","4012,02","2006,01","0,00","565,25","5452,78"
"283","23/07/1992","AGENTE OPERACIONAL II","2/2018","14860,44","7430,22","0,00","4350,25","17940,41"
"369","01/09/2014","ANALISTA LEGISLATIVO ADMINISTRADOR I","2/2018","11995,24","0,00","0,00","3100,58","8894,66"
"459","13/11/2014","ANALISTA LEGISLATIVO ADMINISTRADOR I","2/2018","8093,57","2697,86","0,00","2061,37","8730,06"
"475","01/06/2015","ANALISTA LEGISLATIVO ADMINISTRADOR I","2/2018","7782,13","0,00","0,00","1891,35","5890,78"
"528","24/05/2016","ANALISTA LEGISLATIVO ADMINISTRADOR I","2/2018","7782,13","0,00","0,00","1891,35","5890,78"
"556","07/12/2017","ANALISTA LEGISLATIVO ADMINISTRADOR I","2/2018","7782,13","0,00","0,00","1734,94","6047,19"
"367","29/08/2014","ANALISTA LEGISLATIVO ARQUITETO I","2/2018","8416,94","0,00","0,00","2116,55","6300,39"
"452","03/11/2014","ANALISTA LEGISLATIVO ARQUITETO I","2/2018","8416,94","0,00","0,00","2116,55","6300,39"
"534","22/08/2016","ANALISTA LEGISLATIVO ARQUIVISTA I","2/2018","7782,13","0,00","0,00","1891,35","5890,78"
"393","04/09/2014","ANALISTA LEGISLATIVO ASSESSORAMENTO JURIDICO I","2/2018","8837,79","0,00","0,00","2265,85","6571,94"
"395","04/09/2014","ANALISTA LEGISLATIVO ASSESSORAMENTO JURIDICO I","2/2018","8416,94","0,00","0,00","2116,55","6300,39"
"454","07/11/2014","ANALISTA LEGISLATIVO ASSESSORAMENTO JURIDICO I","2/2018","8093,57","0,00","0,00","2001,83","6091,74"
"455","03/11/2014","ANALISTA LEGISLATIVO ASSESSORAMENTO JURIDICO I","2/2018","8921,96","0,00","0,00","2191,43","6730,53"
"474","26/05/2015","ANALISTA LEGISLATIVO ASSESSORAMENTO JURIDICO I","2/2018","8171,24","0,00","0,00","2029,39","6141,85"
"479","01/06/2015","ANALISTA LEGISLATIVO ASSESSORAMENTO JURIDICO I","2/2018","8949,45","0,00","0,00","2253,32","6696,13"
"504","24/09/2015","ANALISTA LEGISLATIVO ASSESSORAMENTO JURIDICO I","2/2018","7782,13","0,00","0,00","1787,07","5995,06"
"505","28/09/2015","ANALISTA LEGISLATIVO ASSESSORAMENTO JURIDICO I","2/2018","7782,13","0,00","0,00","1787,07","5995,06"
"507","01/10/2015","ANALISTA LEGISLATIVO ASSESSORAMENTO JURIDICO I","2/2018","7782,13","0,00","0,00","1891,35","5890,78"
"512","01/10/2015","ANALISTA LEGISLATIVO ASSESSORAMENTO JURIDICO I","2/2018","8638,16","0,00","0,00","2142,89","6495,27"
"538","23/01/2017","ANALISTA LEGISLATIVO ASSESSORAMENTO JURIDICO I","2/2018","7782,13","0,00","0,00","1891,35","5890,78"
"482","15/06/2015","ANALISTA LEGISLATIVO ASSISTENTE SOCIAL I","2/2018","7782,13","0,00","0,00","1891,35","5890,78"
"373","26/08/2014","ANALISTA LEGISLATIVO AUDITOR I","2/2018","9174,46","0,00","0,00","2333,14","6841,32"
"552","05/12/2017","ANALISTA LEGISLATIVO AUDITOR I","2/2018","7782,13","0,00","0,00","1787,07","5995,06"
"488","22/06/2015","ANALISTA LEGISLATIVO BIBLIOTECARIO I","2/2018","7782,13","0,00","0,00","1891,35","5890,78"
"543","29/06/2017","ANALISTA LEGISLATIVO BIBLIOTECARIO I","2/2018","7782,13","0,00","0,00","1891,35","5890,78"
"381","03/09/2014","ANALISTA LEGISLATIVO CONTADOR I","2/2018","13188,00","0,00","0,00","3428,59","9759,41"
"451","31/10/2014","ANALISTA LEGISLATIVO CONTADOR I","2/2018","8093,57","0,00","0,00","2001,83","6091,74"
"526","18/03/2016","ANALISTA LEGISLATIVO ECONOMISTA I","2/2018","8871,63","0,00","0,00","2173,58","6698,05"
"405","02/09/2014","ANALISTA LEGISLATIVO ENGENHEIRO I","2/2018","13693,02","0,00","0,00","3607,75","10085,27"
"477","02/06/2015","ANALISTA LEGISLATIVO ENGENHEIRO I","2/2018","7782,13","0,00","0,00","1891,35","5890,78"
"398","29/08/2014","ANALISTA LEGISLATIVO GESTOR PUBLICO I","2/2018","9763,65","0,00","0,00","2490,02","7273,63"
"440","21/10/2014","ANALISTA LEGISLATIVO GESTOR PUBLICO I","2/2018","8416,94","0,00","0,00","2116,55","6300,39"
"363","20/08/2014","ANALISTA LEGISLATIVO PEDAGOGO I","2/2018","8416,94","0,00","0,00","2012,27","6404,67"
"524","07/03/2016","ANALISTA LEGISLATIVO PEDAGOGO I","2/2018","9105,10","0,00","0,00","2308,54","6796,56"
"442","23/10/2014","ANALISTA LEGISLATIVO PSICOLOGO I","2/2018","13188,00","0,00","0,00","3428,59","9759,41"
"522","14/03/2016","ANALISTA LEGISLATIVO PSICOLOGO I","2/2018","7782,13","0,00","0,00","1891,35","5890,78"
"463","19/11/2014","ANALISTA LEGISLATIVO REDATOR/REVISOR I","2/2018","8093,57","0,00","0,00","2001,83","6091,74"
"476","29/05/2015","ANALISTA LEGISLATIVO REDATOR/REVISOR I","2/2018","8404,70","0,00","0,00","1955,80","6448,90"
"480","08/06/2015","ANALISTA LEGISLATIVO REDATOR/REVISOR I","2/2018","7782,13","0,00","0,00","1891,35","5890,78"
"364","28/08/2014","ANALISTA LEGISLATIVO RELAÇÕES PUBLICAS I","2/2018","8093,57","0,00","0,00","2001,83","6091,74"
"400","08/09/2014","ANALISTA LEGISLATIVO RELAÇÕES PUBLICAS I","2/2018","8416,94","0,00","0,00","2116,55","6300,39"
"466","18/12/2014","ANALISTA LEGISLATIVO RELAÇÕES PUBLICAS I","2/2018","8416,94","0,00","0,00","2116,55","6300,39"
"467","14/01/2015","ANALISTA LEGISLATIVO RELAÇÕES PUBLICAS I","2/2018","8247,66","0,00","0,00","2056,50","6191,16"
"478","08/06/2015","ANALISTA LEGISLATIVO RELAÇÕES PUBLICAS I","2/2018","7782,13","3891,07","0,00","1891,35","9781,85"
"485","11/06/2015","ANALISTA LEGISLATIVO RELAÇÕES PUBLICAS I","2/2018","7782,13","0,00","0,00","1891,35","5890,78"
"536","09/09/2016","ANALISTA LEGISLATIVO RELAÇÕES PUBLICAS I","2/2018","8949,46","0,00","0,00","2253,32","6696,14"
"458","14/11/2014","ANALISTA LEGISLATIVO SECRETARIO EXECUTIVO I","2/2018","8093,57","0,00","0,00","2001,83","6091,74"
"542","26/06/2017","ANALISTA LEGISLATIVO TECNOLOGIA DA INFORMACAO I","2/2018","7782,13","0,00","0,00","1787,07","5995,06"
"546","20/07/2017","ANALISTA LEGISLATIVO TECNOLOGIA DA INFORMACAO I","2/2018","7782,13","0,00","0,00","1839,21","5942,92"
"4956","01/01/2017","ASSESSOR APOIO CONTROLE DA ADMIN DIRETA E INDIRETA","2/2018","8710,61","0,00","0,00","1976,31","6734,30"
"4965","01/01/2017","ASSESSOR APOIO CONTROLE DA ADMIN DIRETA E INDIRETA","2/2018","8710,61","0,00","0,00","1976,31","6734,30"
"4987","01/01/2017","ASSESSOR APOIO CONTROLE DA ADMIN DIRETA E INDIRETA","2/2018","725,88","0,00","0,00","58,07","667,81"
"4995","01/01/2017","ASSESSOR APOIO CONTROLE DA ADMIN DIRETA E INDIRETA","2/2018","8710,61","0,00","0,00","1976,31","6734,30"
"9233","06/10/2017","ASSESSOR APOIO CONTROLE DA ADMIN DIRETA E INDIRETA","2/2018","8710,61","0,00","0,00","1924,17","6786,44"
"10105","02/10/2017","ASSESSOR APOIO CONTROLE DA ADMIN DIRETA E INDIRETA","2/2018","8710,61","0,00","0,00","1712,34","6998,27"
"10161","01/01/2017","ASSESSOR APOIO CONTROLE DA ADMIN DIRETA E INDIRETA","2/2018","8710,61","0,00","0,00","1976,31","6734,30"
"10170","01/01/2017","ASSESSOR APOIO CONTROLE DA ADMIN DIRETA E INDIRETA","2/2018","8710,61","0,00","0,00","1924,17","6786,44"
"10233","01/01/2017","ASSESSOR APOIO CONTROLE DA ADMIN DIRETA E INDIRETA","2/2018","8710,61","0,00","0,00","1976,31","6734,30"
"10242","01/01/2017","ASSESSOR APOIO CONTROLE DA ADMIN DIRETA E INDIRETA","2/2018","9233,25","0,00","0,00","2120,04","7113,21"
"10266","01/01/2017","ASSESSOR APOIO CONTROLE DA ADMIN DIRETA E INDIRETA","2/2018","9494,58","0,00","0,00","2167,95","7326,63"
"10298","01/01/2017","ASSESSOR APOIO CONTROLE DA ADMIN DIRETA E INDIRETA","2/2018","9320,35","0,00","0,00","2143,99","7176,36"
"10308","01/01/2017","ASSESSOR APOIO CONTROLE DA ADMIN DIRETA E INDIRETA","2/2018","8710,61","0,00","0,00","1604,79","7105,82"
"10322","01/01/2017","ASSESSOR APOIO CONTROLE DA ADMIN DIRETA E INDIRETA","2/2018","8710,61","0,00","0,00","1948,25","6762,36"
"10329","01/01/2017","ASSESSOR APOIO CONTROLE DA ADMIN DIRETA E INDIRETA","2/2018","9233,25","0,00","0,00","2067,90","7165,35"
"10331","01/01/2017","ASSESSOR APOIO CONTROLE DA ADMIN DIRETA E INDIRETA","2/2018","8710,61","0,00","0,00","1924,17","6786,44"
"10347","01/01/2017","ASSESSOR APOIO CONTROLE DA ADMIN DIRETA E INDIRETA","2/2018","10017,20","0,00","0,00","2335,62","7681,58"
"10441","21/06/2017","ASSESSOR APOIO CONTROLE DA ADMIN DIRETA E INDIRETA","2/2018","8710,61","0,00","0,00","1976,31","6734,30"
"10443","21/06/2017","ASSESSOR APOIO CONTROLE DA ADMIN DIRETA E INDIRETA","2/2018","9581,66","0,00","0,00","2163,71","7417,95"
"10452","21/06/2017","ASSESSOR APOIO CONTROLE DA ADMIN DIRETA E INDIRETA","2/2018","8710,61","0,00","0,00","1924,17","6786,44"
"10453","21/06/2017","ASSESSOR APOIO CONTROLE DA ADMIN DIRETA E INDIRETA","2/2018","9494,56","0,00","0,00","2191,90","7302,66"
"10458","21/06/2017","ASSESSOR APOIO CONTROLE DA ADMIN DIRETA E INDIRETA","2/2018","8710,61","0,00","0,00","1976,31","6734,30"
"10460","21/06/2017","ASSESSOR APOIO CONTROLE DA ADMIN DIRETA E INDIRETA","2/2018","9334,86","14423,16","0,00","2147,98","21610,04"
"10461","21/06/2017","ASSESSOR APOIO CONTROLE DA ADMIN DIRETA E INDIRETA","2/2018","8710,61","0,00","0,00","1976,31","6734,30"
"10462","21/06/2017","ASSESSOR APOIO CONTROLE DA ADMIN DIRETA E INDIRETA","2/2018","8710,61","0,00","0,00","1872,04","6838,57"
"10464","21/06/2017","ASSESSOR APOIO CONTROLE DA ADMIN DIRETA E INDIRETA","2/2018","8710,61","0,00","0,00","1976,31","6734,30"
"10466","21/06/2017","ASSESSOR APOIO CONTROLE DA ADMIN DIRETA E INDIRETA","2/2018","8710,61","0,00","0,00","1819,90","6890,71"
"10468","21/06/2017","ASSESSOR APOIO CONTROLE DA ADMIN DIRETA E INDIRETA","2/2018","8710,61","0,00","0,00","1976,31","6734,30"
"10471","21/06/2017","ASSESSOR APOIO CONTROLE DA ADMIN DIRETA E INDIRETA","2/2018","8710,61","0,00","0,00","1976,31","6734,30"
"10473","21/06/2017","ASSESSOR APOIO CONTROLE DA ADMIN DIRETA E INDIRETA","2/2018","10626,94","0,00","0,00","2451,17","8175,77"
"10476","21/06/2017","ASSESSOR APOIO CONTROLE DA ADMIN DIRETA E INDIRETA","2/2018","9334,86","19142,34","0,00","2095,84","26381,36"
"10477","21/06/2017","ASSESSOR APOIO CONTROLE DA ADMIN DIRETA E INDIRETA","2/2018","9668,76","0,00","0,00","2135,53","7533,23"
"10478","21/06/2017","ASSESSOR APOIO CONTROLE DA ADMIN DIRETA E INDIRETA","2/2018","10017,21","0,00","0,00","2127,08","7890,13"
"10480","21/06/2017","ASSESSOR APOIO CONTROLE DA ADMIN DIRETA E INDIRETA","2/2018","8710,61","0,00","0,00","1924,17","6786,44"
"10485","21/06/2017","ASSESSOR APOIO CONTROLE DA ADMIN DIRETA E INDIRETA","2/2018","9668,76","0,00","0,00","2239,80","7428,96"
"10490","21/06/2017","ASSESSOR APOIO CONTROLE DA ADMIN DIRETA E INDIRETA","2/2018","8710,61","0,00","0,00","1924,17","6786,44"
"10492","21/06/2017","ASSESSOR APOIO CONTROLE DA ADMIN DIRETA E INDIRETA","2/2018","9334,86","24915,93","0,00","2095,84","32154,95"
"10493","21/06/2017","ASSESSOR APOIO CONTROLE DA ADMIN DIRETA E INDIRETA","2/2018","9334,86","25183,26","0,00","2147,98","32370,14"
"10496","21/06/2017","ASSESSOR APOIO CONTROLE DA ADMIN DIRETA E INDIRETA","2/2018","8710,61","0,00","0,00","1976,31","6734,30"
"10497","21/06/2017","ASSESSOR APOIO CONTROLE DA ADMIN DIRETA E INDIRETA","2/2018","8710,61","0,00","0,00","1924,17","6786,44"
"10499","21/06/2017","ASSESSOR APOIO CONTROLE DA ADMIN DIRETA E INDIRETA","2/2018","8710,61","0,00","0,00","1976,31","6734,30"
"10504","21/06/2017","ASSESSOR APOIO CONTROLE DA ADMIN DIRETA E INDIRETA","2/2018","9146,14","24340,95","0,00","2096,08","31391,01"
"10506","21/06/2017","ASSESSOR APOIO CONTROLE DA ADMIN DIRETA E INDIRETA","2/2018","8710,61","0,00","0,00","1924,17","6786,44"
"10508","21/06/2017","ASSESSOR APOIO CONTROLE DA ADMIN DIRETA E INDIRETA","2/2018","9334,86","29863,86","0,00","2147,98","37050,74"
"10513","21/06/2017","ASSESSOR APOIO CONTROLE DA ADMIN DIRETA E INDIRETA","2/2018","9146,14","0,00","0,00","1991,81","7154,33"
"10517","21/06/2017","ASSESSOR APOIO CONTROLE DA ADMIN DIRETA E INDIRETA","2/2018","8710,61","0,00","0,00","1976,31","6734,30"
"10519","21/06/2017","ASSESSOR APOIO CONTROLE DA ADMIN DIRETA E INDIRETA","2/2018","9407,46","0,00","0,00","2115,81","7291,65"
"10520","21/06/2017","ASSESSOR APOIO CONTROLE DA ADMIN DIRETA E INDIRETA","2/2018","9581,67","0,00","0,00","2059,44","7522,23"
"10521","21/06/2017","ASSESSOR APOIO CONTROLE DA ADMIN DIRETA E INDIRETA","2/2018","9334,86","40774,02","0,00","2095,84","48013,04"
"10525","21/06/2017","ASSESSOR APOIO CONTROLE DA ADMIN DIRETA E INDIRETA","2/2018","8710,61","0,00","0,00","1976,31","6734,30"
"10527","21/06/2017","ASSESSOR APOIO CONTROLE DA ADMIN DIRETA E INDIRETA","2/2018","9755,88","0,00","0,00","2211,62","7544,26"
"10540","02/10/2017","ASSESSOR APOIO CONTROLE DA ADMIN DIRETA E INDIRETA","2/2018","8710,61","0,00","0,00","1976,31","6734,30"
"10542","02/10/2017","ASSESSOR APOIO CONTROLE DA ADMIN DIRETA E INDIRETA","2/2018","8710,61","0,00","0,00","1976,31","6734,30"
"10544","02/10/2017","ASSESSOR APOIO CONTROLE DA ADMIN DIRETA E INDIRETA","2/2018","8710,61","0,00","0,00","1976,31","6734,30"
"10545","02/10/2017","ASSESSOR APOIO CONTROLE DA ADMIN DIRETA E INDIRETA","2/2018","8710,61","0,00","0,00","1872,04","6838,57"
"10548","06/10/2017","ASSESSOR APOIO CONTROLE DA ADMIN DIRETA E INDIRETA","2/2018","8710,61","0,00","0,00","1767,76","6942,85"
"10553","02/10/2017","ASSESSOR APOIO CONTROLE DA ADMIN DIRETA E INDIRETA","2/2018","8710,61","0,00","0,00","1976,31","6734,30"
"10555","02/10/2017","ASSESSOR APOIO CONTROLE DA ADMIN DIRETA E INDIRETA","2/2018","8710,61","0,00","0,00","1976,31","6734,30"
"10556","02/10/2017","ASSESSOR APOIO CONTROLE DA ADMIN DIRETA E INDIRETA","2/2018","8710,61","0,00","0,00","1872,04","6838,57"
"10557","02/10/2017","ASSESSOR APOIO CONTROLE DA ADMIN DIRETA E INDIRETA","2/2018","8710,61","0,00","0,00","1924,17","6786,44"
"10559","02/10/2017","ASSESSOR APOIO CONTROLE DA ADMIN DIRETA E INDIRETA","2/2018","8710,61","0,00","0,00","1872,04","6838,57"
"4129","02/10/2017","ASSESSOR APOIO CONTROLE DA ADMIN DIRETA E INDIRETA","2/2018","8710,61","0,00","0,00","1976,31","6734,30"
"10572","01/02/2018","ASSESSOR APOIO CONTROLE DA ADMIN DIRETA E INDIRETA","2/2018","8710,61","0,00","0,00","1976,31","6734,30"
"4941","01/01/2017","ASSESSOR DE GABINETE","2/2018","3532,93","0,00","0,00","505,47","3027,46"
"4944","01/01/2017","ASSESSOR DE GABINETE","2/2018","3532,93","0,00","0,00","505,47","3027,46"
"4947","01/01/2017","ASSESSOR DE GABINETE","2/2018","3532,93","0,00","0,00","505,47","3027,46"
"4954","01/01/2017","ASSESSOR DE GABINETE","2/2018","3786,12","10283,19","0,00","510,24","13559,07"
"4964","01/01/2017","ASSESSOR DE GABINETE","2/2018","3532,93","0,00","0,00","477,03","3055,90"
"4967","01/01/2017","ASSESSOR DE GABINETE","2/2018","3815,56","0,00","0,00","574,29","3241,27"
"4972","01/01/2017","ASSESSOR DE GABINETE","2/2018","3532,93","0,00","0,00","505,47","3027,46"
"4974","01/01/2017","ASSESSOR DE GABINETE","2/2018","3815,56","0,00","0,00","574,29","3241,27"
"4976","01/01/2017","ASSESSOR DE GABINETE","2/2018","3827,30","0,00","0,00","545,85","3281,45"
"4977","01/01/2017","ASSESSOR DE GABINETE","2/2018","312,08","416,11","0,00","24,97","703,22"
"10157","01/01/2017","ASSESSOR DE GABINETE","2/2018","3532,93","0,00","0,00","505,47","3027,46"
"10160","01/01/2017","ASSESSOR DE GABINETE","2/2018","3532,93","0,00","0,00","477,03","3055,90"
"10163","01/01/2017","ASSESSOR DE GABINETE","2/2018","3532,93","0,00","0,00","477,03","3055,90"
"10169","01/01/2017","ASSESSOR DE GABINETE","2/2018","3532,93","0,00","0,00","453,20","3079,73"
"10181","01/01/2017","ASSESSOR DE GABINETE","2/2018","3532,93","0,00","0,00","505,47","3027,46"
"10183","01/01/2017","ASSESSOR DE GABINETE","2/2018","3532,93","0,00","0,00","505,47","3027,46"
"10191","01/01/2017","ASSESSOR DE GABINETE","2/2018","3532,93","0,00","0,00","438,99","3093,94"
"10200","01/01/2017","ASSESSOR DE GABINETE","2/2018","3532,93","0,00","0,00","505,47","3027,46"
"10205","01/01/2017","ASSESSOR DE GABINETE","2/2018","3532,93","0,00","0,00","477,03","3055,90"
"10221","01/01/2017","ASSESSOR DE GABINETE","2/2018","3532,93","0,00","0,00","477,03","3055,90"
"10224","01/01/2017","ASSESSOR DE GABINETE","2/2018","3532,93","0,00","0,00","453,20","3079,73"
"10237","01/01/2017","ASSESSOR DE GABINETE","2/2018","3532,93","0,00","0,00","505,47","3027,46"
"10254","01/01/2017","ASSESSOR DE GABINETE","2/2018","3815,56","0,00","0,00","574,29","3241,27"
"10259","01/01/2017","ASSESSOR DE GABINETE","2/2018","3532,93","0,00","0,00","477,03","3055,90"
"10267","01/01/2017","ASSESSOR DE GABINETE","2/2018","3532,93","0,00","0,00","505,47","3027,46"
"10272","01/01/2017","ASSESSOR DE GABINETE","2/2018","3532,93","0,00","0,00","505,47","3027,46"
"10275","01/01/2017","ASSESSOR DE GABINETE","2/2018","3532,93","0,00","0,00","477,03","3055,90"
"10285","01/01/2017","ASSESSOR DE GABINETE","2/2018","3532,93","0,00","0,00","477,03","3055,90"
"10287","01/01/2017","ASSESSOR DE GABINETE","2/2018","3532,93","0,00","0,00","505,47","3027,46"
"10291","01/01/2017","ASSESSOR DE GABINETE","2/2018","3532,93","0,00","0,00","505,47","3027,46"
"10294","01/01/2017","ASSESSOR DE GABINETE","2/2018","3532,93","0,00","0,00","477,03","3055,90"
"10301","01/01/2017","ASSESSOR DE GABINETE","2/2018","3532,93","0,00","0,00","453,20","3079,73"
"10317","01/01/2017","ASSESSOR DE GABINETE","2/2018","3532,93","0,00","0,00","453,20","3079,73"
"10325","01/01/2017","ASSESSOR DE GABINETE","2/2018","3532,93","0,00","0,00","487,80","3045,13"
"10339","01/01/2017","ASSESSOR DE GABINETE","2/2018","3532,93","0,00","0,00","505,47","3027,46"
"10345","01/01/2017","ASSESSOR DE GABINETE","2/2018","3532,93","1177,64","0,00","453,20","4257,37"
"10364","01/01/2017","ASSESSOR DE GABINETE","2/2018","1825,34","392,55","0,00","146,02","2071,87"
"10365","01/01/2017","ASSESSOR DE GABINETE","2/2018","3532,92","0,00","0,00","505,47","3027,45"
"10382","01/02/2017","ASSESSOR DE GABINETE","2/2018","410,51","0,00","0,00","32,84","377,67"
"10385","01/02/2017","ASSESSOR DE GABINETE","2/2018","3532,93","0,00","0,00","505,47","3027,46"
"10410","03/04/2017","ASSESSOR DE GABINETE","2/2018","3532,93","0,00","0,00","505,47","3027,46"
"10415","03/04/2017","ASSESSOR DE GABINETE","2/2018","3709,58","0,00","0,00","520,04","3189,54"
"10420","02/05/2017","ASSESSOR DE GABINETE","2/2018","3532,93","0,00","0,00","505,47","3027,46"
"10426","02/05/2017","ASSESSOR DE GABINETE","2/2018","3532,93","0,00","0,00","453,20","3079,73"
"10429","01/06/2017","ASSESSOR DE GABINETE","2/2018","3709,58","0,00","0,00","491,60","3217,98"
"10430","01/06/2017","ASSESSOR DE GABINETE","2/2018","3532,93","0,00","0,00","505,47","3027,46"
"10433","01/06/2017","ASSESSOR DE GABINETE","2/2018","3532,93","0,00","0,00","453,20","3079,73"
"10436","01/06/2017","ASSESSOR DE GABINETE","2/2018","3532,93","0,00","0,00","505,47","3027,46"
"10437","01/06/2017","ASSESSOR DE GABINETE","2/2018","3532,93","0,00","0,00","505,47","3027,46"
"10442","21/06/2017","ASSESSOR DE GABINETE","2/2018","3532,93","0,00","0,00","453,20","3079,73"
"10444","21/06/2017","ASSESSOR DE GABINETE","2/2018","3744,91","0,00","0,00","500,21","3244,70"
"10446","21/06/2017","ASSESSOR DE GABINETE","2/2018","3744,91","0,00","0,00","528,65","3216,26"
"10449","21/06/2017","ASSESSOR DE GABINETE","2/2018","3532,93","0,00","0,00","477,03","3055,90"
"10455","21/06/2017","ASSESSOR DE GABINETE","2/2018","3532,93","0,00","0,00","505,47","3027,46"
"10457","21/06/2017","ASSESSOR DE GABINETE","2/2018","3532,93","0,00","0,00","453,20","3079,73"
"10459","21/06/2017","ASSESSOR DE GABINETE","2/2018","3786,12","12386,43","0,00","567,12","15605,43"
"10469","21/06/2017","ASSESSOR DE GABINETE","2/2018","3780,24","0,00","0,00","565,69","3214,55"
"10472","21/06/2017","ASSESSOR DE GABINETE","2/2018","294,40","0,00","0,00","23,55","270,85"
"10481","21/06/2017","ASSESSOR DE GABINETE","2/2018","3532,93","0,00","0,00","477,03","3055,90"
"10483","21/06/2017","ASSESSOR DE GABINETE","2/2018","3532,93","0,00","0,00","505,47","3027,46"
"10487","21/06/2017","ASSESSOR DE GABINETE","2/2018","3532,93","0,00","0,00","505,47","3027,46"
"10494","21/06/2017","ASSESSOR DE GABINETE","2/2018","3532,93","0,00","0,00","505,47","3027,46"
"10500","21/06/2017","ASSESSOR DE GABINETE","2/2018","3532,93","0,00","0,00","505,47","3027,46"
"10501","21/06/2017","ASSESSOR DE GABINETE","2/2018","3532,93","0,00","0,00","477,03","3055,90"
"10509","21/06/2017","ASSESSOR DE GABINETE","2/2018","3532,93","0,00","0,00","453,20","3079,73"
"10512","21/06/2017","ASSESSOR DE GABINETE","2/2018","3532,93","0,00","0,00","453,20","3079,73"
"10514","21/06/2017","ASSESSOR DE GABINETE","2/2018","4062,87","0,00","0,00","606,06","3456,81"
"10515","21/06/2017","ASSESSOR DE GABINETE","2/2018","3532,93","0,00","0,00","505,47","3027,46"
"10518","21/06/2017","ASSESSOR DE GABINETE","2/2018","3532,93","0,00","0,00","477,03","3055,90"
"10522","21/06/2017","ASSESSOR DE GABINETE","2/2018","3532,93","0,00","0,00","438,99","3093,94"
"10523","21/06/2017","ASSESSOR DE GABINETE","2/2018","3532,93","0,00","0,00","477,03","3055,90"
"10524","21/06/2017","ASSESSOR DE GABINETE","2/2018","3532,93","0,00","0,00","438,99","3093,94"
"10526","21/06/2017","ASSESSOR DE GABINETE","2/2018","3532,93","0,00","0,00","505,47","3027,46"
"10532","03/07/2017","ASSESSOR DE GABINETE","2/2018","3921,55","0,00","0,00","543,22","3378,33"
"10535","01/08/2017","ASSESSOR DE GABINETE","2/2018","3532,93","0,00","0,00","505,47","3027,46"
"10536","01/08/2017","ASSESSOR DE GABINETE","2/2018","3532,93","0,00","0,00","505,47","3027,46"
"10538","01/09/2017","ASSESSOR DE GABINETE","2/2018","3532,93","0,00","0,00","505,47","3027,46"
"10539","02/10/2017","ASSESSOR DE GABINETE","2/2018","3532,93","0,00","0,00","505,47","3027,46"
"10543","02/10/2017","ASSESSOR DE GABINETE","2/2018","3532,93","0,00","0,00","505,47","3027,46"
"10546","02/10/2017","ASSESSOR DE GABINETE","2/2018","3532,93","0,00","0,00","505,47","3027,46"
"10547","02/10/2017","ASSESSOR DE GABINETE","2/2018","3532,93","0,00","0,00","505,47","3027,46"
"10550","02/10/2017","ASSESSOR DE GABINETE","2/2018","3532,93","0,00","0,00","505,47","3027,46"
"10551","02/10/2017","ASSESSOR DE GABINETE","2/2018","3532,93","0,00","0,00","505,47","3027,46"
"10561","01/11/2017","ASSESSOR DE GABINETE","2/2018","3532,93","0,00","0,00","505,47","3027,46"
"4744","02/02/2015","ASSESSOR DE GABINETE","2/2018","3532,93","0,00","0,00","477,03","3055,90"
"10562","01/11/2017","ASSESSOR DE GABINETE","2/2018","3532,93","0,00","0,00","477,03","3055,90"
"4763","02/10/2017","ASSESSOR DE GABINETE","2/2018","3532,93","0,00","0,00","477,03","3055,90"
"4887","01/08/2016","ASSESSOR DE GABINETE","2/2018","2001,99","0,00","0,00","180,18","1821,81"
"10564","01/11/2017","ASSESSOR DE GABINETE","2/2018","3532,93","0,00","0,00","477,03","3055,90"
"10565","01/11/2017","ASSESSOR DE GABINETE","2/2018","3532,93","0,00","0,00","477,03","3055,90"
"4907","01/01/2017","ASSESSOR DE GABINETE","2/2018","3532,93","0,00","0,00","453,20","3079,73"
"10566","02/01/2018","ASSESSOR DE GABINETE","2/2018","3532,93","0,00","0,00","453,20","3079,73"
"4916","01/01/2017","ASSESSOR DE GABINETE","2/2018","3532,93","0,00","0,00","505,47","3027,46"
"10567","02/01/2018","ASSESSOR DE GABINETE","2/2018","3532,93","0,00","0,00","438,99","3093,94"
"10568","03/01/2018","ASSESSOR DE GABINETE","2/2018","3532,93","0,00","0,00","505,47","3027,46"
"10569","01/02/2018","ASSESSOR DE GABINETE","2/2018","3532,93","0,00","0,00","477,03","3055,90"
"4923","01/01/2017","ASSESSOR DE GABINETE","2/2018","3780,24","0,00","0,00","508,81","3271,43"
"4928","01/01/2017","ASSESSOR DE GABINETE","2/2018","3532,93","0,00","0,00","438,99","3093,94"
"10571","01/02/2018","ASSESSOR DE GABINETE","2/2018","3532,93","0,00","0,00","505,47","3027,46"
"4930","01/01/2017","ASSESSOR DE GABINETE","2/2018","3532,93","0,00","0,00","477,03","3055,90"
"4931","01/01/2017","ASSESSOR DE GABINETE","2/2018","3532,93","0,00","0,00","505,47","3027,46"
"10309","01/01/2017","ASSESSOR DE IMPRENSA","2/2018","12918,67","0,00","0,00","3133,53","9785,14"
"4937","01/01/2017","ASSESSOR POLITICO","2/2018","6425,86","0,00","0,00","1243,73","5182,13"
"4942","01/01/2017","ASSESSOR POLITICO","2/2018","6119,87","0,00","0,00","1263,86","4856,01"
"4992","01/01/2017","ASSESSOR POLITICO","2/2018","6119,87","0,00","0,00","1263,86","4856,01"
"10171","01/01/2017","ASSESSOR POLITICO","2/2018","6854,26","0,00","0,00","1413,68","5440,58"
"10280","01/01/2017","ASSESSOR POLITICO","2/2018","6119,87","0,00","0,00","1263,86","4856,01"
"10286","01/01/2017","ASSESSOR POLITICO","2/2018","6119,87","0,00","0,00","1263,86","4856,01"
"10378","01/01/2017","ASSESSOR POLITICO","2/2018","6119,87","0,00","0,00","1263,86","4856,01"
"10445","21/06/2017","ASSESSOR POLITICO","2/2018","6670,66","0,00","0,00","1415,33","5255,33"
"10447","21/06/2017","ASSESSOR POLITICO","2/2018","7221,45","0,00","0,00","1514,66","5706,79"
"10451","21/06/2017","ASSESSOR POLITICO","2/2018","7190,46","0,00","0,00","1244,71","5945,75"
"10454","21/06/2017","ASSESSOR POLITICO","2/2018","6119,87","0,00","0,00","1263,86","4856,01"
"10463","21/06/2017","ASSESSOR POLITICO","2/2018","6119,87","0,00","0,00","1159,58","4960,29"
"10465","21/06/2017","ASSESSOR POLITICO","2/2018","6119,87","0,00","0,00","1159,58","4960,29"
"10470","21/06/2017","ASSESSOR POLITICO","2/2018","6119,87","0,00","0,00","1263,86","4856,01"
"10475","21/06/2017","ASSESSOR POLITICO","2/2018","6558,45","17953,95","0,00","1332,33","23180,07"
"10482","21/06/2017","ASSESSOR POLITICO","2/2018","6119,87","0,00","0,00","1263,86","4856,01"
"10484","21/06/2017","ASSESSOR POLITICO","2/2018","6793,06","0,00","0,00","1448,99","5344,07"
"10488","21/06/2017","ASSESSOR POLITICO","2/2018","6119,87","0,00","0,00","1211,72","4908,15"
"10502","21/06/2017","ASSESSOR POLITICO","2/2018","6119,87","0,00","0,00","1211,72","4908,15"
"10505","21/06/2017","ASSESSOR POLITICO","2/2018","6119,87","0,00","0,00","1211,72","4908,15"
"10507","21/06/2017","ASSESSOR POLITICO","2/2018","6119,87","0,00","0,00","1263,86","4856,01"
"10511","21/06/2017","ASSESSOR POLITICO","2/2018","6119,87","0,00","0,00","1211,72","4908,15"
"10516","21/06/2017","ASSESSOR POLITICO","2/2018","6119,87","0,00","0,00","1159,58","4960,29"
"10528","21/06/2017","ASSESSOR POLITICO","2/2018","6854,25","0,00","0,00","1465,81","5388,44"
"10534","03/07/2017","ASSESSOR POLITICO","2/2018","6119,87","0,00","0,00","1159,58","4960,29"
"10537","02/10/2017","ASSESSOR POLITICO","2/2018","510,00","0,00","0,00","40,80","469,20"
"10541","02/10/2017","ASSESSOR POLITICO","2/2018","6119,87","0,00","0,00","1263,86","4856,01"
"10552","06/10/2017","ASSESSOR POLITICO","2/2018","6119,87","0,00","0,00","1159,58","4960,29"
"10554","02/10/2017","ASSESSOR POLITICO","2/2018","6119,87","0,00","0,00","1263,86","4856,01"
"10563","01/11/2017","ASSESSOR POLITICO","2/2018","6119,87","0,00","0,00","1211,72","4908,15"
"4917","01/01/2017","ASSESSOR POLITICO","2/2018","6119,87","0,00","0,00","1211,72","4908,15"
"10570","01/02/2018","ASSESSOR POLITICO","2/2018","6119,87","0,00","0,00","1263,86","4856,01"
"446","24/10/2014","CHEFE DA CENTRAL DE CONTRATOS E CONVENIOS FG3","2/2018","18315,38","0,00","0,00","4814,90","13500,48"
"513","09/10/2015","CHEFE DA CENTRAL DE CONTRATOS E CONVENIOS FG3","2/2018","13295,56","0,00","0,00","3407,54","9888,02"
"386","08/09/2014","CHEFE DA CENTRAL DE PLANEJAMENTO E DESENV. INSTITUCIONAL FG3","2/2018","14778,35","0,00","0,00","3761,66","11016,69"
"10176","01/01/2017","CHEFE DE GABINETE - MEMBROS DA MESA","2/2018","13629,79","0,00","0,00","3276,95","10352,84"
"10560","01/11/2017","CHEFE DE GABINETE - MEMBROS DA MESA","2/2018","7642,61","0,00","0,00","1682,61","5960,00"
"10530","21/06/2017","CHEFE DE GABINETE DA PRESIDENCIA","2/2018","16221,58","0,00","0,00","3989,69","12231,89"
"4945","01/01/2017","CHEFE DE GABINETE DE VEREADOR","2/2018","14505,94","0,00","0,00","3413,62","11092,32"
"4953","01/01/2017","CHEFE DE GABINETE DE VEREADOR","2/2018","12398,24","0,00","0,00","2886,14","9512,10"
"4969","01/01/2017","CHEFE DE GABINETE DE VEREADOR","2/2018","13762,04","0,00","0,00","3313,32","10448,72"
"4991","01/01/2017","CHEFE DE GABINETE DE VEREADOR","2/2018","12398,24","0,00","0,00","2990,41","9407,83"
"9953","01/01/2013","CHEFE DE GABINETE DE VEREADOR","2/2018","12398,24","0,00","0,00","2886,14","9512,10"
"10175","01/01/2017","CHEFE DE GABINETE DE VEREADOR","2/2018","6798,41","0,00","0,00","1450,46","5347,95"
"10179","01/01/2017","CHEFE DE GABINETE DE VEREADOR","2/2018","18996,76","0,00","0,00","4620,30","14376,46"
"10182","01/01/2017","CHEFE DE GABINETE DE VEREADOR","2/2018","13142,13","0,00","0,00","2904,18","10237,95"
"10197","01/01/2017","CHEFE DE GABINETE DE VEREADOR","2/2018","12398,24","0,00","0,00","2990,41","9407,83"
"10204","01/01/2017","CHEFE DE GABINETE DE VEREADOR","2/2018","14257,97","0,00","0,00","3501,84","10756,13"
"10216","01/01/2017","CHEFE DE GABINETE DE VEREADOR","2/2018","13286,76","46108,65","0,00","3574,98","55820,43"
"10220","01/01/2017","CHEFE DE GABINETE DE VEREADOR","2/2018","12398,24","0,00","0,00","2990,41","9407,83"
"10230","01/01/2017","CHEFE DE GABINETE DE VEREADOR","2/2018","12398,24","4132,75","0,00","2366,29","14164,70"
"10261","01/01/2017","CHEFE DE GABINETE DE VEREADOR","2/2018","12398,24","0,00","0,00","2886,14","9512,10"
"10265","01/01/2017","CHEFE DE GABINETE DE VEREADOR","2/2018","17502,18","0,00","0,00","4393,99","13108,19"
"10279","01/01/2017","CHEFE DE GABINETE DE VEREADOR","2/2018","12398,24","0,00","0,00","2938,27","9459,97"
"10288","01/01/2017","CHEFE DE GABINETE DE VEREADOR","2/2018","13390,10","0,00","0,00","3211,03","10179,07"
"10313","01/01/2017","CHEFE DE GABINETE DE VEREADOR","2/2018","12398,24","0,00","0,00","2938,27","9459,97"
"10334","01/01/2017","CHEFE DE GABINETE DE VEREADOR","2/2018","13431,37","0,00","0,00","3263,17","10168,20"
"10346","01/01/2017","CHEFE DE GABINETE DE VEREADOR","2/2018","12398,24","0,00","0,00","2990,41","9407,83"
"10371","01/01/2017","CHEFE DE GABINETE DE VEREADOR","2/2018","3512,84","17908,59","0,00","305,83","21115,60"
"10386","01/02/2017","CHEFE DE GABINETE DE VEREADOR","2/2018","12398,24","0,00","0,00","2886,14","9512,10"
"10450","21/06/2017","CHEFE DE GABINETE DE VEREADOR","2/2018","14505,94","0,00","0,00","3570,03","10935,91"
"10456","21/06/2017","CHEFE DE GABINETE DE VEREADOR","2/2018","14629,92","0,00","0,00","3499,85","11130,07"
"10467","21/06/2017","CHEFE DE GABINETE DE VEREADOR","2/2018","12398,24","0,00","0,00","2886,14","9512,10"
"10479","21/06/2017","CHEFE DE GABINETE DE VEREADOR","2/2018","14257,97","0,00","0,00","3397,56","10860,41"
"10486","21/06/2017","CHEFE DE GABINETE DE VEREADOR","2/2018","13762,04","0,00","0,00","3365,46","10396,58"
"10529","21/06/2017","CHEFE DE GABINETE DE VEREADOR","2/2018","14505,94","0,00","0,00","3517,89","10988,05"
"10533","03/07/2017","CHEFE DE GABINETE DE VEREADOR","2/2018","18080,77","0,00","0,00","4553,11","13527,66"
"4902","01/01/2017","CHEFE DE GABINETE DE VEREADOR","2/2018","12398,24","0,00","0,00","2834,00","9564,24"
"4920","01/01/2017","CHEFE DE GABINETE DE VEREADOR","2/2018","7642,61","0,00","0,00","1237,39","6405,22"
"4929","01/01/2017","CHEFE DE GABINETE DE VEREADOR","2/2018","12398,24","0,00","0,00","2938,27","9459,97"
"489","22/06/2015","CONTROLADOR GERAL ADJUNTO FG4","2/2018","16688,11","0,00","0,00","4340,49","12347,62"
"368","25/08/2014","CONTROLADOR GERAL FG5","2/2018","17694,00","0,00","0,00","4667,74","13026,26"
"445","23/10/2014","COORDENADOR DE ALMOXARIFADO FG2","2/2018","13188,00","0,00","0,00","3428,59","9759,41"
"403","16/09/2014","COORDENADOR DE APOIO ADMINISTRATIVO FG2","2/2018","12864,63","0,00","0,00","3313,87","9550,76"
"428","10/09/2014","COORDENADOR DE APOIO ADMINISTRATIVO FG2","2/2018","10190,99","0,00","0,00","2313,26","7877,73"
"282","02/07/1992","COORDENADOR DE APOIO AS COMISSOES FG2","2/2018","23246,08","0,00","0,00","7377,19","15868,89"
"432","09/09/2014","COORDENADOR DE ARQUIVO PUBLICO","2/2018","13188,00","0,00","0,00","3428,59","9759,41"
"195","17/04/1991","COORDENADOR DE ATENDIMENTO AO PLENARIO FG2","2/2018","23246,08","0,00","0,00","7325,05","15921,03"
"417","11/09/2014","COORDENADOR DE ATENDIMENTO AO USUARIO FG2","2/2018","13861,36","6930,68","0,00","3615,33","17176,71"
"457","05/11/2014","COORDENADOR DE BIBLIOTECA FG2","2/2018","13188,00","0,00","0,00","3428,59","9759,41"
"390","05/09/2014","COORDENADOR DE CONTABILIDADE FG2","2/2018","13945,52","0,00","0,00","3540,91","10404,61"
"103","01/03/1991","COORDENADOR DE GESTAO DE PESSOAL  FG2","2/2018","23246,08","10820,62","0,00","9379,22","24687,48"
"374","26/08/2014","COORDENADOR DE INFRAESTRUTURA, REDES E TELECOMUNICACAO FG2","2/2018","13608,85","0,00","0,00","3577,89","10030,96"
"255","06/01/1992","COORDENADOR DE PROCESSO LEGISLATIVO FG2","2/2018","23246,08","0,00","0,00","7377,19","15868,89"
"181","15/04/1991","COORDENADOR DE PROTOCOLO FG2","2/2018","23246,08","0,00","2557,07","8028,24","17774,91"
"426","08/09/2014","COORDENADOR DE REGISTRO PARLAMENTAR E REVISAO FG2","2/2018","13188,00","0,00","0,00","3428,59","9759,41"
"468","30/01/2015","COORDENADOR DE RELACOES PUBLICAS E CERIMONIAL FG2","2/2018","13209,16","0,00","0,00","3436,10","9773,06"
"376","26/08/2014","COORDENADOR DE SAUDE E QUALIDADE DE VIDA FG2","2/2018","8879,20","0,00","0,00","1900,05","6979,15"
"449","31/10/2014","COORDENADOR DE SEGURANCA FG2","2/2018","8879,20","0,00","0,00","1900,05","6979,15"
"404","10/09/2014","COORDENADOR DE SISTEMAS DE INFORMACAO FG2","2/2018","13188,00","0,00","0,00","3428,59","9759,41"
"82","01/10/1982","DIR. DE  DIVISAO DE SUPRIMENTOS","2/2018","23246,08","0,00","0,00","7325,05","15921,03"
"83","17/11/1982","DIR. DIV. ATENDIMENTO  PLENARIO E PRESIDENCIA","2/2018","1937,17","36781,16","0,00","213,09","38505,24"
"84","18/03/1983","DIRETOR DE ASSUNTOS LEGISLATIVOS FG4","2/2018","23246,08","0,00","2557,07","8080,38","17722,77"
"371","26/08/2014","DIRETOR DE FINANCAS FG4","2/2018","17322,92","0,00","0,00","4513,55","12809,37"
"165","25/02/1991","DIRETOR DE GESTAO DE PESSOAS FG4","2/2018","23246,08","0,00","0,00","7325,05","15921,03"
"391","01/09/2014","DIRETOR DE GESTAO DOCUMENTAL FG4","2/2018","16999,55","0,00","0,00","4450,98","12548,57"
"460","19/11/2014","DIRETOR DE INFRAESTRUTURA E SERVICOS FG4","2/2018","12745,36","0,00","0,00","2837,53","9907,83"
"176","03/04/1991","DIRETOR DE MATERIAIS E PATRIMONIO FG4","2/2018","23246,08","0,00","0,00","7220,78","16025,30"
"171","01/03/1991","DIRETOR DE TECNOLOGIA DA INFORMACAO E TELECOMUNICACAO FG4","2/2018","23246,08","0,00","0,00","7168,64","16077,44"
"80","23/07/1982","DIRETOR DIV.APOIO SERV.ATEND.","2/2018","23246,08","0,00","2557,07","8080,38","17722,77"
"242","07/11/1991","DIRETOR GERAL FG6","2/2018","23246,08","0,00","0,00","7377,19","15868,89"
"183","25/03/1991","ENC.UNID. ATEND.A PRESID.VER.","2/2018","23246,08","0,00","0,00","7325,05","15921,03"
"164","18/03/1991","ENCAR. UNID.COMPRAS, LICIT.,ALMOX.","2/2018","23246,08","0,00","2557,07","8080,38","17722,77"
"202","18/11/1991","ENCAR.UNID. ATAS, AUTOGR. E PAUTAS","2/2018","23246,08","0,00","2557,07","8028,24","17774,91"
"162","28/02/1991","ENCAR.UNID. DE PATRIMONIO","2/2018","23246,08","0,00","2557,07","8028,24","17774,91"
"85","28/03/1983","ENCAR.UNID.AUTUACAO PROCESSUAL","2/2018","23246,08","0,00","2557,07","8080,38","17722,77"
"160","15/03/1991","ENCAR.UNID.DE CONTABILIDADE","2/2018","23246,08","0,00","0,00","7377,19","15868,89"
"2003","01/01/1993","FAXINEIRA","2/2018","12981,10","0,00","0,00","3735,68","9245,42"
"462","13/11/2014","MEDICO DO TRABALHO I","2/2018","7471,47","0,00","0,00","1781,14","5690,33"
"464","01/12/2014","MEDICO DO TRABALHO I","2/2018","6918,03","0,00","0,00","1532,67","5385,36"
"439","21/10/2014","MEMBRO DA COMISSAO DE SINDICANCIA FG1","2/2018","13818,84","0,00","1635,76","4145,20","11309,40"
"537","26/10/2016","MEMBRO DA COMISSAO DE SINDICANCIA FG1","2/2018","13046,20","0,00","1635,76","3923,24","10758,72"
"456","03/11/2014","MEMBRO DA COMISSAO PERMANENTE DE LICITACAO FG1","2/2018","8610,44","0,00","0,00","1700,43","6910,01"
"506","28/09/2015","MEMBRO DA COMISSAO PERMANENTE DE PROCESSO ADM. DISCIPLINAR FG1","2/2018","13046,20","0,00","1635,76","3923,24","10758,72"
"527","23/05/2016","MEMBRO DA COMISSAO PERMANENTE DE PROCESSO ADM. DISCIPLINAR FG1","2/2018","13046,20","0,00","1635,76","3923,24","10758,72"
"175","25/03/1991","OFICIAL DE TRANSP. E APOIO","2/2018","19148,16","0,00","0,00","5923,45","13224,71"
"350","18/02/1993","OFICIAL DE TRANSP. E APOIO","2/2018","21257,96","0,00","2338,38","7262,82","16333,52"
"362","01/03/1993","OFICIAL DE TRANSP. E APOIO","2/2018","23246,08","0,00","0,00","6453,60","16792,48"
"209","23/09/1991","OFICIAL LEGISLATIVO II","2/2018","23246,08","0,00","0,00","7377,19","15868,89"
"10395","21/02/2017","OUVIDOR - CEDIDO","2/2018","20701,82","0,00","0,00","5234,37","15467,45"
"365","25/08/2014","PREGOEIRO FG2","2/2018","13188,00","0,00","0,00","3376,45","9811,55"
"20127","08/03/2016","PREGOEIRO FG2 - CEDIDO","2/2018","4771,06","0,00","0,00","276,34","4494,72"
"8024","01/01/2005","PRESIDENTE","2/2018","10070,86","0,00","0,00","2350,38","7720,48"
"382","27/08/2014","PRESIDENTE COMISSAO PERMANENTE PROCESSO ADM. DISCIPLINAR FG2","2/2018","14617,99","0,00","1635,76","4385,71","11868,04"
"392","28/08/2014","PRESIDENTE DA COMISSAO PERMANENTE DE SINDICANCIA FG2","2/2018","15933,25","0,00","1635,76","4852,30","12716,71"
"292","22/03/1991","PROCURADOR CHEFE ADJUNTO FG5","2/2018","28835,35","0,00","1635,76","9940,26","20530,85"
"441","21/10/2014","PROCURADOR I","2/2018","10240,54","0,00","1635,76","3161,17","8715,13"
"443","22/10/2014","PROCURADOR I","2/2018","10240,54","0,00","1635,76","3213,31","8662,99"
"444","23/10/2014","PROCURADOR I","2/2018","10752,57","0,00","1635,76","3394,95","8993,38"
"554","07/12/2017","PROCURADOR JURIDICO I","2/2018","9467,90","0,00","1635,76","2939,21","8164,45"
"10268","01/01/2017","SECRETARIO GERAL","2/2018","22789,07","589,38","0,00","5903,80","17474,65"
"10531","21/06/2017","SUBSECRETARIO DE ASSUNTOS ESTRATÉGICOS","2/2018","19645,75","0,00","0,00","4827,06","14818,69"
"10310","01/01/2017","SUBSECRETARIO DE RELACOES INSTITUCIONAIS","2/2018","23181,99","0,00","0,00","5851,67","17330,32"
"81","23/07/1982","SUPERINTENDENTE DE REDACAO LEGISLATIVA","2/2018","23246,08","0,00","2557,07","8080,38","17722,77"
"250","25/11/1991","TECNICO DE INFORMATICA","2/2018","23246,08","0,00","0,00","7272,91","15973,17"
"551","07/12/2017","TECNICO DE SEGURAN╟A DO TRABALHO I","2/2018","3763,49","0,00","0,00","533,17","3230,32"
"370","27/08/2014","TECNICO DE TRANSCRIÇÃO I","2/2018","3839,38","0,00","0,00","551,65","3287,73"
"377","01/09/2014","TECNICO DE TRANSCRIÇÃO I","2/2018","3839,38","0,00","0,00","580,09","3259,29"
"427","05/09/2014","TECNICO DE TRANSCRIÇÃO I","2/2018","4184,92","0,00","0,00","664,23","3520,69"
"484","18/06/2015","TECNICO DE TRANSCRIÇÃO I","2/2018","3550,46","0,00","0,00","509,74","3040,72"
"378","26/08/2014","TECNICO LEGISLATIVO I","2/2018","4108,14","0,00","0,00","560,22","3547,92"
"383","29/08/2014","TECNICO LEGISLATIVO I","2/2018","3839,38","0,00","0,00","580,09","3259,29"
"385","28/08/2014","TECNICO LEGISLATIVO I","2/2018","3839,38","0,00","0,00","580,09","3259,29"
"406","02/09/2014","TECNICO LEGISLATIVO I","2/2018","4108,14","0,00","0,00","645,54","3462,60"
"407","12/09/2014","TECNICO LEGISLATIVO I","2/2018","3839,38","0,00","0,00","459,02","3380,36"
"409","08/09/2014","TECNICO LEGISLATIVO I","2/2018","3692,27","0,00","0,00","544,27","3148,00"
"410","03/09/2014","TECNICO LEGISLATIVO I","2/2018","8610,44","5585,01","0,00","1804,70","12390,75"
"413","02/09/2014","TECNICO LEGISLATIVO I","2/2018","3839,38","0,00","0,00","580,09","3259,29"
"414","02/09/2014","TECNICO LEGISLATIVO I","2/2018","4338,50","0,00","0,00","563,80","3774,70"
"415","08/09/2014","TECNICO LEGISLATIVO I","2/2018","3839,38","0,00","0,00","551,65","3287,73"
"416","08/09/2014","TECNICO LEGISLATIVO I","2/2018","3839,38","0,00","0,00","580,09","3259,29"
"421","10/09/2014","TECNICO LEGISLATIVO I","2/2018","3839,38","0,00","0,00","580,09","3259,29"
"425","08/09/2014","TECNICO LEGISLATIVO I","2/2018","4069,74","0,00","0,00","636,18","3433,56"
"429","05/09/2014","TECNICO LEGISLATIVO I","2/2018","3692,27","0,00","0,00","544,27","3148,00"
"430","08/09/2014","TECNICO LEGISLATIVO I","2/2018","4261,71","0,00","0,00","686,07","3575,64"
"431","09/09/2014","TECNICO LEGISLATIVO I","2/2018","3839,38","1279,79","0,00","580,09","4539,08"
"433","18/09/2014","TECNICO LEGISLATIVO I","2/2018","3839,38","0,00","0,00","580,09","3259,29"
"437","24/09/2014","TECNICO LEGISLATIVO I","2/2018","8610,45","0,00","0,00","1804,70","6805,75"
"438","16/09/2014","TECNICO LEGISLATIVO I","2/2018","3839,40","0,00","0,00","580,09","3259,31"
"448","03/11/2014","TECNICO LEGISLATIVO I","2/2018","3839,38","0,00","0,00","580,09","3259,29"
"453","31/10/2014","TECNICO LEGISLATIVO I","2/2018","4031,35","0,00","0,00","626,84","3404,51"
"465","19/12/2014","TECNICO LEGISLATIVO I","2/2018","3839,38","0,00","0,00","580,09","3259,29"
"469","30/03/2015","TECNICO LEGISLATIVO I","2/2018","3550,46","0,00","0,00","509,74","3040,72"
"490","24/06/2015","TECNICO LEGISLATIVO I","2/2018","3834,50","0,00","0,00","493,59","3340,91"
"491","29/06/2015","TECNICO LEGISLATIVO I","2/2018","3550,46","1775,23","0,00","509,74","4815,95"
"492","06/07/2015","TECNICO LEGISLATIVO I","2/2018","3550,46","0,00","0,00","509,74","3040,72"
"493","07/07/2015","TECNICO LEGISLATIVO I","2/2018","3550,46","1775,23","0,00","509,74","4815,95"
"494","06/07/2015","TECNICO LEGISLATIVO I","2/2018","3550,46","0,00","0,00","509,74","3040,72"
"495","15/07/2015","TECNICO LEGISLATIVO I","2/2018","3550,46","0,00","0,00","509,74","3040,72"
"497","07/07/2015","TECNICO LEGISLATIVO I","2/2018","3550,46","0,00","0,00","509,74","3040,72"
"498","07/07/2015","TECNICO LEGISLATIVO I","2/2018","3550,46","0,00","0,00","509,74","3040,72"
"500","29/07/2015","TECNICO LEGISLATIVO I","2/2018","3834,50","3195,42","0,00","578,91","6451,01"
"501","29/07/2015","TECNICO LEGISLATIVO I","2/2018","8321,52","0,00","0,00","1702,21","6619,31"
"516","15/10/2015","TECNICO LEGISLATIVO I","2/2018","3550,46","0,00","0,00","509,74","3040,72"
"517","01/12/2015","TECNICO LEGISLATIVO I","2/2018","3550,46","0,00","0,00","509,74","3040,72"
"521","16/02/2016","TECNICO LEGISLATIVO I","2/2018","7128,76","0,00","0,00","1374,20","5754,56"
"529","27/06/2016","TECNICO LEGISLATIVO I","2/2018","3550,46","1775,23","0,00","509,74","4815,95"
"531","27/06/2016","TECNICO LEGISLATIVO I","2/2018","3550,46","0,00","0,00","509,74","3040,72"
"532","15/07/2016","TECNICO LEGISLATIVO I","2/2018","3550,46","0,00","0,00","509,74","3040,72"
"541","21/07/2017","TECNICO LEGISLATIVO I","2/2018","3941,01","0,00","0,00","576,40","3364,61"
"545","03/07/2017","TECNICO LEGISLATIVO I","2/2018","3834,50","0,00","0,00","421,80","3412,70"
"547","13/11/2017","TECNICO LEGISLATIVO I","2/2018","3550,46","0,00","0,00","509,74","3040,72"
"548","28/11/2017","TECNICO LEGISLATIVO I","2/2018","3550,46","0,00","0,00","509,74","3040,72"
"550","27/11/2017","TECNICO LEGISLATIVO I","2/2018","3550,46","0,00","0,00","481,30","3069,16"
"557","22/01/2018","TECNICO LEGISLATIVO I","2/2018","3550,46","0,00","0,00","509,74","3040,72"
"558","22/01/2018","TECNICO LEGISLATIVO I","2/2018","3550,46","0,00","0,00","509,74","3040,72"
"559","24/01/2018","TECNICO LEGISLATIVO I","2/2018","3550,46","0,00","0,00","481,30","3069,16"
"560","23/01/2018","TECNICO LEGISLATIVO I","2/2018","3550,46","0,00","0,00","509,74","3040,72"
"561","01/02/2018","TECNICO LEGISLATIVO I","2/2018","3550,46","0,00","0,00","509,74","3040,72"
"562","01/02/2018","TECNICO LEGISLATIVO I","2/2018","3550,46","0,00","0,00","509,74","3040,72"
"563","01/02/2018","TECNICO LEGISLATIVO I","2/2018","3550,46","0,00","0,00","509,74","3040,72"
"208","05/08/1991","TECNICO OPERAC. DE REDES E EQUIP.","2/2018","23246,08","0,00","0,00","7220,78","16025,30"
"157","25/02/1991","TECNICO OPERAC. DE SISTEMAS","2/2018","23246,08","0,00","0,00","7377,19","15868,89"
"8000","01/01/2001","VEREADOR","2/2018","10070,86","0,00","0,00","2350,38","7720,48"
"8001","01/01/2001","VEREADOR","2/2018","10070,86","0,00","0,00","2141,83","7929,03"
"8013","01/01/2005","VEREADOR","2/2018","10070,86","0,00","0,00","2193,97","7876,89"
"8016","01/01/2005","VEREADOR","2/2018","10070,86","0,00","0,00","2246,11","7824,75"
"8017","01/01/2005","VEREADOR","2/2018","10070,86","0,00","0,00","2350,38","7720,48"
"8034","01/01/2009","VEREADOR","2/2018","10070,86","0,00","0,00","2193,97","7876,89"
"8043","01/01/2009","VEREADOR","2/2018","10070,86","0,00","0,00","2246,11","7824,75"
"8055","12/12/2011","VEREADOR","2/2018","10070,86","0,00","0,00","2193,97","7876,89"
"8061","01/01/2013","VEREADOR","2/2018","10070,86","0,00","0,00","2298,24","7772,62"
"8063","01/01/2013","VEREADOR","2/2018","10070,86","0,00","0,00","2246,11","7824,75"
"8065","01/01/2013","VEREADOR","2/2018","10070,86","0,00","0,00","2298,24","7772,62"
"8066","01/01/2013","VEREADOR","2/2018","10070,86","0,00","0,00","2246,11","7824,75"
"8067","01/01/2013","VEREADOR","2/2018","10070,86","0,00","0,00","2350,38","7720,48"
"8068","01/01/2013","VEREADOR","2/2018","10070,86","0,00","0,00","2350,38","7720,48"
"8072","01/01/2013","VEREADOR","2/2018","10070,86","0,00","0,00","2350,38","7720,48"
"8074","01/01/2013","VEREADOR","2/2018","10070,86","0,00","0,00","2298,24","7772,62"
"8075","01/01/2013","VEREADOR","2/2018","10070,86","0,00","0,00","2246,11","7824,75"
"8076","01/01/2013","VEREADOR","2/2018","10070,86","0,00","0,00","2368,02","7702,84"
"8081","01/02/2015","VEREADOR","2/2018","10070,86","0,00","0,00","2298,24","7772,62"
"8084","01/01/2017","VEREADOR","2/2018","10070,86","0,00","0,00","2350,38","7720,48"
"8085","01/01/2017","VEREADOR","2/2018","10070,86","0,00","0,00","2298,24","7772,62"
"8086","01/01/2017","VEREADOR","2/2018","10070,86","0,00","0,00","2350,38","7720,48"
"8087","01/01/2017","VEREADOR","2/2018","10070,86","0,00","0,00","2298,24","7772,62"
"8088","01/01/2017","VEREADOR","2/2018","10070,86","0,00","0,00","2350,38","7720,48"
"8089","01/01/2017","VEREADOR","2/2018","10070,86","0,00","0,00","2350,38","7720,48"
"8090","01/01/2017","VEREADOR","2/2018","10070,86","0,00","0,00","2298,24","7772,62"
"8091","01/01/2017","VEREADOR","2/2018","10070,86","0,00","0,00","2298,24","7772,62"
"8092","01/01/2017","VEREADOR","2/2018","10070,86","0,00","0,00","1541,70","8529,16"
"8093","03/01/2017","VEREADOR","2/2018","10070,86","0,00","0,00","2350,38","7720,48"
"8094","03/01/2017","VEREADOR","2/2018","10070,86","0,00","0,00","2350,38","7720,48"
"8095","01/01/2017","VEREADOR","2/2018","10070,86","0,00","0,00","2350,38","7720,48"
"37","15/03/1999","VEREADOR","2/2018","10070,86","0,00","0,00","2246,11","7824,75"
